"MeanDecreaseGini","medikament"
0.156190476190476,"Drug eruption"
0.123809523809524,"Pruritus generalised"
0.121904761904762,"Eye pruritus"
0.116190476190476,"Product dose omission in error"
0.106666666666667,"Eyelid oedema"
0.106666666666667,"Lymphocytic leukaemia"
0.102857142857143,"Death"
0.100952380952381,"Extra dose administered"
0.100952380952381,"Miliaria"
0.100952380952381,"Product dose omission issue"
